"ta","math_grade","spanish_grade","better_at_math"
"Phuong Vu",3.37526288840581,4,FALSE
"Yunwei Liang",3.20643279263652,3.67630013883304,FALSE
"Yubing Tian",4,4,FALSE
"Gavin Sreesangkom",4,3.78804489156862,TRUE
"Coco Li",3.58627912921381,3.7950751186875,FALSE
"George Zhang",3.86209498561328,3.92879877377032,FALSE
"Saurav Sawansukha",3.06141493505827,3.72027424191449,FALSE
"YuYu Madigan",3.4260860828861,3.67467626324042,FALSE
